,Site,Measurement,DateTime,Value,std*4 + mean
257,SQ10037,Nitrate-N Nitrite-N,2008-10-21 12:23:00,1.2,0.874
810,SQ10275,Nitrate-N Nitrite-N,2015-07-21 11:45:00,0.34,0.20800000000000002
886,SQ10301,Nitrate-N Nitrite-N,2015-04-15 11:37:00,0.189,0.14100000000000001
938,SQ10804,Nitrate-N Nitrite-N,2015-07-21 13:42:00,0.67,0.62
1020,SQ10814,Nitrate-N Nitrite-N,2009-07-21 10:14:00,2.0,1.281
1024,SQ10814,Nitrate-N Nitrite-N,2010-07-20 11:00:00,2.0,1.281
1118,SQ10818,Nitrate-N Nitrite-N,2005-02-15 12:00:00,9.7,5.54
1209,SQ10818,Nitrate-N Nitrite-N,2018-12-11 09:56:00,5.8,5.54
1493,SQ20112,Nitrate-N Nitrite-N,2004-08-17 11:00:00,0.71,0.39699999999999996
1495,SQ20112,Nitrate-N Nitrite-N,2005-02-14 10:20:00,0.61,0.39699999999999996
1735,SQ20176,Nitrate-N Nitrite-N,2006-11-28 11:20:00,4.4,2.5999999999999996
1826,SQ20177,Nitrate-N Nitrite-N,2012-08-15 11:00:00,0.34,0.29300000000000004
1833,SQ20177,Nitrate-N Nitrite-N,2013-07-03 10:10:00,0.3,0.29300000000000004
1882,SQ20177,Nitrate-N Nitrite-N,2017-08-02 12:27:00,0.32,0.29300000000000004
2113,SQ20203,Nitrate-N Nitrite-N,2013-07-16 13:11:00,0.32,0.311
2501,SQ20332,Nitrate-N Nitrite-N,2004-12-13 12:45:00,1.2,0.981
2503,SQ20332,Nitrate-N Nitrite-N,2005-06-13 14:25:00,1.6,0.981
3804,SQ20785,Nitrate-N Nitrite-N,2015-07-21 09:50:00,0.131,0.115
3882,SQ21044,Nitrate-N Nitrite-N,2012-08-22 13:15:00,2.8,2.627
4026,SQ21046,Nitrate-N Nitrite-N,2012-08-22 13:36:00,3.8,3.605
4952,SQ21292,Nitrate-N Nitrite-N,2013-08-08 09:35:00,2.4,2.289
5198,SQ21298,Nitrate-N Nitrite-N,2017-09-08 09:02:00,7.3,7.204
5365,SQ22030,Nitrate-N Nitrite-N,2006-06-27 09:20:00,1.1,0.917
5409,SQ22030,Nitrate-N Nitrite-N,2014-06-11 12:05:00,1.25,0.917
5500,SQ26221,Nitrate-N Nitrite-N,2008-08-12 11:46:00,13.0,12.778
5663,SQ26368,Nitrate-N Nitrite-N,2006-07-11 10:45:00,0.058,0.05499999999999999
5719,SQ26369,Nitrate-N Nitrite-N,2007-10-09 09:50:00,0.22,0.129
6217,SQ30162,Nitrate-N Nitrite-N,2010-08-17 09:00:00,1.6,1.58
6911,SQ30369,Nitrate-N Nitrite-N,2008-08-28 09:55:00,2.8,2.519
9429,SQ33055,Nitrate-N Nitrite-N,2005-08-10 11:20:00,0.5,0.486
9906,SQ33270,Nitrate-N Nitrite-N,2014-04-22 09:32:00,0.73,0.514
10539,SQ34412,Nitrate-N Nitrite-N,2008-07-29 10:35:00,2.1,2.04
11737,SQ34704,Nitrate-N Nitrite-N,2013-06-27 10:50:00,0.28,0.248
11808,SQ34704,Nitrate-N Nitrite-N,2019-07-23 09:47:00,0.27,0.248
11969,SQ34706,Nitrate-N Nitrite-N,2018-04-17 13:33:00,2.6,1.563
12542,SQ34884,Nitrate-N Nitrite-N,2008-08-20 11:47:00,1.0,0.8170000000000001
12681,SQ34903,Nitrate-N Nitrite-N,2014-08-07 12:34:00,2.2,1.915
12735,SQ34905,Nitrate-N Nitrite-N,2008-08-28 09:55:00,2.8,2.527
12874,SQ35119,Nitrate-N Nitrite-N,2017-08-29 09:47:00,0.199,0.198
13596,SQ35792,Nitrate-N Nitrite-N,2013-07-23 09:46:00,0.25,0.237
13619,SQ35792,Nitrate-N Nitrite-N,2015-07-23 09:00:00,0.25,0.237
13826,SQ35800,Nitrate-N Nitrite-N,2018-11-26 13:07:00,0.27,0.23700000000000002
13833,SQ35800,Nitrate-N Nitrite-N,2019-07-22 15:21:00,0.24,0.23700000000000002
13862,SQ35818,Nitrate-N Nitrite-N,2019-07-23 11:11:00,0.183,0.16799999999999998
13904,SQ35871,Nitrate-N Nitrite-N,2016-08-10 12:05:00,0.41,0.4
14072,SQ35873,Nitrate-N Nitrite-N,2017-04-18 12:02:00,0.57,0.493
14194,SQ35875,Nitrate-N Nitrite-N,2014-04-08 11:12:00,0.088,0.075
14248,SQ35876,Nitrate-N Nitrite-N,2013-07-18 12:32:00,0.26,0.251
259,SQ10037,Total Nitrogen,2008-10-21 12:23:00,1.6,1.434
476,SQ10160,Total Nitrogen,2018-11-09 12:33:00,1.19,0.883
546,SQ10167,Total Nitrogen,2018-11-09 11:05:00,0.5,0.356
793,SQ10275,Total Nitrogen,2018-05-23 13:03:00,0.9,0.8360000000000001
814,SQ10301,Total Nitrogen,2007-10-09 13:36:00,0.34,0.269
916,SQ10804,Total Nitrogen,2010-01-20 11:23:00,1.2,1.066
1002,SQ10814,Total Nitrogen,2009-07-21 10:14:00,2.2,1.598
1003,SQ10814,Total Nitrogen,2010-07-20 11:00:00,2.1,1.598
1095,SQ10818,Total Nitrogen,2005-02-15 12:00:00,10.0,5.987
1195,SQ10818,Total Nitrogen,2018-12-11 09:56:00,6.6,5.987
1473,SQ20112,Total Nitrogen,2004-08-17 11:00:00,0.71,0.459
1690,SQ20176,Total Nitrogen,2006-11-28 11:20:00,4.6,2.938
1998,SQ20199,Total Nitrogen,2012-08-08 10:26:00,4.9,3.8630000000000004
2067,SQ20203,Total Nitrogen,2016-07-14 09:44:00,0.84,0.546
2163,SQ20236,Total Nitrogen,2017-08-14 09:48:00,3.1,2.99
2415,SQ20332,Total Nitrogen,2004-12-13 12:45:00,1.3,1.125
2416,SQ20332,Total Nitrogen,2005-06-13 14:25:00,1.7,1.125
2814,SQ20497,Total Nitrogen,2017-01-19 09:49:00,0.28,0.177
3542,SQ20601,Total Nitrogen,2014-12-10 13:10:00,6.6,6.532
3543,SQ20601,Total Nitrogen,2015-01-22 13:15:00,8.8,6.532
3842,SQ20785,Total Nitrogen,2018-05-23 09:02:00,0.36,0.349
3904,SQ21044,Total Nitrogen,2012-08-22 13:15:00,3.1,2.839
3976,SQ21045,Total Nitrogen,2012-08-22 13:29:00,3.3,2.9610000000000003
3996,SQ21045,Total Nitrogen,2017-08-14 11:30:00,3.0,2.9610000000000003
4048,SQ21046,Total Nitrogen,2012-08-22 13:36:00,4.1,4.074
4741,SQ21255,Total Nitrogen,2014-08-05 11:10:00,10.6,10.335
5438,SQ22030,Total Nitrogen,2015-03-09 13:01:00,5.9,4.993
5446,SQ22030,Total Nitrogen,2015-11-04 13:30:00,6.2,4.993
5527,SQ26221,Total Nitrogen,2008-08-12 11:46:00,13.0,12.902999999999999
5695,SQ26368,Total Nitrogen,2013-10-22 08:25:00,0.6,0.45999999999999996
5758,SQ26369,Total Nitrogen,2011-04-04 10:35:00,1.7,0.838
5848,SQ26633,Total Nitrogen,2006-08-29 10:55:00,8.9,6.083
5967,SQ26931,Total Nitrogen,2007-12-11 10:45:00,0.37,0.297
6024,SQ26931,Total Nitrogen,2018-02-01 09:24:00,0.38,0.297
6046,SQ26932,Total Nitrogen,2007-12-11 11:20:00,0.5,0.44299999999999995
6584,SQ30175,Total Nitrogen,2010-05-31 12:11:00,1.1,0.9550000000000001
6688,SQ30184,Total Nitrogen,2007-11-19 10:00:00,0.6,0.523
7073,SQ30332,Total Nitrogen,2017-10-09 07:27:00,10.4,8.453
7177,SQ30369,Total Nitrogen,2018-01-12 10:18:00,3.5,3.109
7398,SQ30400,Total Nitrogen,2017-10-09 08:51:00,9.1,8.960999999999999
7488,SQ30426,Total Nitrogen,2019-11-06 10:35:00,24.0,14.683
7603,SQ30445,Total Nitrogen,2018-09-11 08:57:00,4.5,2.12
7676,SQ30486,Total Nitrogen,2017-04-10 11:23:00,1.22,0.9710000000000001
7785,SQ30521,Total Nitrogen,2011-04-21 10:50:00,1.1,0.798
7923,SQ30707,Total Nitrogen,2013-05-08 13:15:00,6.6,3.063
8010,SQ30782,Total Nitrogen,2004-08-27 12:50:00,0.88,0.833
8498,SQ30928,Total Nitrogen,2006-08-24 11:00:00,2.0,1.351
9931,SQ31018,Total Nitrogen,2012-02-27 13:15:00,2.2,1.038
10016,SQ31020,Total Nitrogen,2004-03-17 11:30:00,0.32,0.301
10065,SQ31020,Total Nitrogen,2016-11-15 12:13:00,0.33,0.301
10187,SQ31045,Total Nitrogen,2008-04-23 10:24:00,0.13,0.122
10190,SQ31045,Total Nitrogen,2009-03-17 11:07:00,0.13,0.122
10253,SQ31047,Total Nitrogen,2007-04-19 11:26:00,2.1,1.944
10375,SQ31051,Total Nitrogen,2017-02-15 10:55:00,0.52,0.43000000000000005
10523,SQ31093,Total Nitrogen,2014-03-21 10:20:00,0.44,0.373
10671,SQ32732,Total Nitrogen,2014-12-01 11:54:00,1.22,0.9319999999999999
10746,SQ32801,Total Nitrogen,2008-03-27 11:50:00,2.0,1.927
10840,SQ32802,Total Nitrogen,2013-04-24 00:00:00,0.69,0.613
11142,SQ32908,Total Nitrogen,2007-02-28 14:28:00,0.15,0.121
11205,SQ32909,Total Nitrogen,2007-01-30 12:49:00,0.15,0.133
11418,SQ33055,Total Nitrogen,2011-10-19 09:45:00,2.3,1.229
11532,SQ33056,Total Nitrogen,2011-10-19 10:10:00,3.2,1.667
11692,SQ33147,Total Nitrogen,2006-02-15 11:15:00,200.0,52.456
11953,SQ33148,Total Nitrogen,2017-09-26 07:44:00,1.58,1.318
11966,SQ33148,Total Nitrogen,2018-11-26 07:56:00,1.45,1.318
12069,SQ33270,Total Nitrogen,2018-10-30 09:45:00,0.92,0.8360000000000001
12070,SQ33270,Total Nitrogen,2018-11-26 09:22:00,1.18,0.8360000000000001
12119,SQ33273,Total Nitrogen,2011-10-12 12:25:00,4.2,3.3009999999999997
14038,SQ34646,Total Nitrogen,2018-01-12 12:31:00,2.6,2.581
14293,SQ34706,Total Nitrogen,2018-04-17 13:33:00,2.8,1.709
14824,SQ34869,Total Nitrogen,2017-09-26 10:26:00,0.94,0.839
14995,SQ34903,Total Nitrogen,2014-08-07 12:34:00,2.1,2.045
15049,SQ34905,Total Nitrogen,2008-08-28 09:55:00,2.9,2.7039999999999997
15112,SQ34907,Total Nitrogen,2010-02-23 12:54:00,0.13,0.11699999999999999
15207,SQ34908,Total Nitrogen,2017-01-30 09:55:00,0.2,0.139
15404,SQ35156,Total Nitrogen,2014-12-01 11:32:00,1.35,1.163
15688,SQ35173,Total Nitrogen,2018-10-30 15:09:00,2.1,1.8170000000000002
15774,SQ35174,Total Nitrogen,2018-11-26 14:30:00,1.45,1.013
16065,SQ35363,Total Nitrogen,2014-04-24 12:00:00,4.0,2.7830000000000004
16124,SQ35364,Total Nitrogen,2017-01-30 11:25:00,1.62,1.381
16276,SQ35640,Total Nitrogen,2018-12-21 09:21:00,0.11,0.107
16586,SQ35800,Total Nitrogen,2018-11-26 13:07:00,0.86,0.6649999999999999
16594,SQ35800,Total Nitrogen,2019-07-22 15:21:00,0.73,0.6649999999999999
16696,SQ35871,Total Nitrogen,2018-11-09 12:00:00,0.74,0.605
16772,SQ35872,Total Nitrogen,2018-06-13 09:26:00,0.72,0.571
16998,SQ35875,Total Nitrogen,2017-03-23 09:33:00,0.79,0.761
17065,SQ35876,Total Nitrogen,2016-02-19 08:50:00,0.49,0.484
17100,SQ35876,Total Nitrogen,2019-01-18 09:17:00,0.6,0.484
17162,SQ35962,Total Nitrogen,2014-09-17 08:11:00,0.179,0.119
17233,SQ36037,Total Nitrogen,2016-12-14 10:15:00,15.9,15.841000000000001
266,SQ10174,Ammoniacal Nitrogen,2009-10-20 10:06:00,0.092,0.074
368,SQ10804,Ammoniacal Nitrogen,2005-11-29 09:15:00,0.13,0.118
481,SQ10818,Ammoniacal Nitrogen,2006-10-18 10:35:00,0.34,0.321
571,SQ20104,Ammoniacal Nitrogen,2004-08-17 12:45:00,0.4,0.221
880,SQ20195,Ammoniacal Nitrogen,2018-01-12 08:13:00,1.02,0.5800000000000001
925,SQ20199,Ammoniacal Nitrogen,2012-08-08 10:26:00,0.11,0.09799999999999999
1026,SQ20252,Ammoniacal Nitrogen,2013-10-09 07:20:00,0.085,0.077
1090,SQ20332,Ammoniacal Nitrogen,2006-06-26 13:40:00,0.31,0.238
1136,SQ20350,Ammoniacal Nitrogen,2011-06-08 10:05:00,0.26,0.215
1148,SQ20401,Ammoniacal Nitrogen,2005-05-17 15:20:00,1.9,1.2750000000000001
1238,SQ20509,Ammoniacal Nitrogen,2014-04-29 12:20:00,0.24,0.177
1279,SQ20541,Ammoniacal Nitrogen,2012-08-13 11:00:00,0.086,0.081
1313,SQ20544,Ammoniacal Nitrogen,2011-02-08 11:22:00,0.31,0.22
1388,SQ20545,Ammoniacal Nitrogen,2013-10-09 10:00:00,0.22,0.134
1439,SQ20575,Ammoniacal Nitrogen,2012-10-16 09:55:00,0.043,0.04
1486,SQ20601,Ammoniacal Nitrogen,2004-04-19 10:30:00,0.54,0.349
1489,SQ20601,Ammoniacal Nitrogen,2004-07-12 10:30:00,0.57,0.349
1524,SQ20601,Ammoniacal Nitrogen,2007-08-06 10:44:00,0.38,0.349
1724,SQ21045,Ammoniacal Nitrogen,2007-11-12 12:20:00,0.27,0.23600000000000002
1798,SQ21046,Ammoniacal Nitrogen,2015-05-11 11:01:00,0.69,0.4
1845,SQ21047,Ammoniacal Nitrogen,2011-11-22 13:35:00,0.19,0.14100000000000001
1851,SQ21047,Ammoniacal Nitrogen,2013-07-09 12:03:00,0.154,0.14100000000000001
1945,SQ21049,Ammoniacal Nitrogen,2017-04-12 15:13:00,1.1,0.556
2051,SQ21160,Ammoniacal Nitrogen,2013-05-20 10:23:00,0.67,0.489
2070,SQ21160,Ammoniacal Nitrogen,2017-03-14 10:00:00,0.61,0.489
2079,SQ21254,Ammoniacal Nitrogen,2004-02-02 09:45:00,1.5,0.618
2283,SQ21255,Ammoniacal Nitrogen,2018-09-03 11:29:00,3.8,1.881
2328,SQ21289,Ammoniacal Nitrogen,2013-05-20 11:24:00,0.56,0.491
2365,SQ21289,Ammoniacal Nitrogen,2017-12-07 12:38:00,0.61,0.491
2627,SQ21309,Ammoniacal Nitrogen,2007-12-12 11:45:00,0.32,0.264
2667,SQ22030,Ammoniacal Nitrogen,2007-04-03 11:10:00,3.5,2.962
2712,SQ22030,Ammoniacal Nitrogen,2015-03-09 13:01:00,4.4,2.962
2804,SQ26221,Ammoniacal Nitrogen,2013-10-09 09:15:00,0.188,0.139
2882,SQ26633,Ammoniacal Nitrogen,2005-02-14 13:10:00,0.15,0.096
3151,SQ30222,Ammoniacal Nitrogen,2007-04-30 11:40:00,0.14,0.11399999999999999
3200,SQ30332,Ammoniacal Nitrogen,2009-06-04 12:25:00,0.33,0.245
3301,SQ30369,Ammoniacal Nitrogen,2017-10-09 09:10:00,0.25,0.211
3302,SQ30369,Ammoniacal Nitrogen,2018-01-12 10:18:00,0.32,0.211
3478,SQ30426,Ammoniacal Nitrogen,2011-08-18 10:45:00,0.16,0.136
3639,SQ30782,Ammoniacal Nitrogen,2007-11-09 13:15:00,0.065,0.064
3773,SQ30878,Ammoniacal Nitrogen,2007-10-11 11:50:00,0.15,0.11499999999999999
3803,SQ30878,Ammoniacal Nitrogen,2010-06-10 13:00:00,0.15,0.11499999999999999
3866,SQ30916,Ammoniacal Nitrogen,2006-08-24 13:15:00,0.35,0.242
3909,SQ30928,Ammoniacal Nitrogen,2006-08-24 11:00:00,0.19,0.149
3938,SQ30945,Ammoniacal Nitrogen,2007-11-27 10:00:00,0.11,0.109
4097,SQ30953,Ammoniacal Nitrogen,2012-07-11 10:15:00,1.2,0.44599999999999995
4200,SQ30954,Ammoniacal Nitrogen,2008-04-02 09:50:00,0.53,0.23
4366,SQ30955,Ammoniacal Nitrogen,2012-07-11 10:40:00,0.18,0.093
4501,SQ30956,Ammoniacal Nitrogen,2013-01-11 13:55:00,0.149,0.136
4502,SQ30956,Ammoniacal Nitrogen,2013-02-07 08:55:00,0.176,0.136
4504,SQ30956,Ammoniacal Nitrogen,2013-11-11 13:02:00,0.196,0.136
4604,SQ30976,Ammoniacal Nitrogen,2007-10-11 10:40:00,0.48,0.234
4717,SQ30977,Ammoniacal Nitrogen,2007-10-11 10:25:00,0.47,0.33
4719,SQ30977,Ammoniacal Nitrogen,2007-12-06 09:55:00,0.35,0.33
4720,SQ30977,Ammoniacal Nitrogen,2008-01-22 10:05:00,0.39,0.33
4815,SQ30992,Ammoniacal Nitrogen,2005-12-07 10:30:00,0.1,0.09
4840,SQ30992,Ammoniacal Nitrogen,2008-02-12 09:00:00,0.16,0.09
4995,SQ32732,Ammoniacal Nitrogen,2012-06-05 10:47:00,0.13,0.098
5014,SQ32872,Ammoniacal Nitrogen,2004-06-30 12:45:00,0.4,0.22899999999999998
5262,SQ33055,Ammoniacal Nitrogen,2008-01-18 09:45:00,0.11,0.067
5365,SQ33056,Ammoniacal Nitrogen,2007-12-12 10:30:00,0.081,0.062
5402,SQ33056,Ammoniacal Nitrogen,2011-10-19 10:10:00,0.072,0.062
5504,SQ33147,Ammoniacal Nitrogen,2006-02-15 11:15:00,1.3,0.6359999999999999
5611,SQ33147,Ammoniacal Nitrogen,2016-01-19 13:10:00,1.1,0.6359999999999999
5704,SQ33273,Ammoniacal Nitrogen,2006-07-20 11:05:00,0.21,0.203
5803,SQ33274,Ammoniacal Nitrogen,2006-07-20 12:00:00,0.15,0.14300000000000002
5872,SQ33476,Ammoniacal Nitrogen,2009-10-29 07:20:00,0.49,0.325
5930,SQ33593,Ammoniacal Nitrogen,2012-07-11 13:20:00,0.21,0.20900000000000002
6017,SQ34191,Ammoniacal Nitrogen,2004-07-29 10:50:00,0.2,0.135
6102,SQ34412,Ammoniacal Nitrogen,2009-10-29 09:45:00,0.42,0.366
6142,SQ34417,Ammoniacal Nitrogen,2006-02-22 10:00:00,0.11,0.082
6223,SQ34418,Ammoniacal Nitrogen,2005-11-24 09:00:00,0.11,0.082
6332,SQ34538,Ammoniacal Nitrogen,2014-04-14 09:43:00,0.148,0.122
6370,SQ34540,Ammoniacal Nitrogen,2013-06-28 11:17:00,0.098,0.093
6425,SQ34548,Ammoniacal Nitrogen,2007-01-04 10:15:00,0.13,0.122
6504,SQ34548,Ammoniacal Nitrogen,2014-02-12 09:05:00,0.152,0.122
6515,SQ34548,Ammoniacal Nitrogen,2015-02-19 07:35:00,0.131,0.122
6660,SQ34569,Ammoniacal Nitrogen,2018-12-03 10:04:00,0.131,0.107
6668,SQ34580,Ammoniacal Nitrogen,2004-05-17 11:35:00,0.087,0.079
6717,SQ34626,Ammoniacal Nitrogen,2008-11-18 08:48:00,0.15,0.11800000000000001
6821,SQ34646,Ammoniacal Nitrogen,2005-07-20 10:30:00,0.31,0.213
7050,SQ34865,Ammoniacal Nitrogen,2009-11-19 08:05:00,0.11,0.07300000000000001
7167,SQ34866,Ammoniacal Nitrogen,2014-04-30 11:46:00,0.184,0.131
7230,SQ34884,Ammoniacal Nitrogen,2014-03-06 08:06:00,0.098,0.085
7244,SQ34903,Ammoniacal Nitrogen,2006-12-18 09:40:00,0.068,0.064
7391,SQ35156,Ammoniacal Nitrogen,2007-12-19 07:55:00,0.094,0.075
7547,SQ35175,Ammoniacal Nitrogen,2011-07-13 14:55:00,3.4,3.181
7631,SQ35235,Ammoniacal Nitrogen,2009-12-02 10:39:00,0.46,0.32299999999999995
7689,SQ35545,Ammoniacal Nitrogen,2010-12-14 09:27:00,0.21,0.20500000000000002
106,SQ10005,Dissolved Reactive Phosphorus,2019-12-13 09:41:00,0.0187,0.018000000000000002
479,SQ10160,Dissolved Reactive Phosphorus,2018-11-09 12:33:00,0.034,0.019
597,SQ10174,Dissolved Reactive Phosphorus,2018-11-09 08:48:00,0.23,0.099
637,SQ10275,Dissolved Reactive Phosphorus,2006-07-11 11:30:00,0.013,0.011
674,SQ10275,Dissolved Reactive Phosphorus,2013-06-19 11:19:00,0.014,0.011
767,SQ10301,Dissolved Reactive Phosphorus,2012-04-16 12:58:00,0.008,0.006
770,SQ10301,Dissolved Reactive Phosphorus,2013-06-20 10:32:00,0.007,0.006
836,SQ10804,Dissolved Reactive Phosphorus,2007-01-25 11:40:00,0.023,0.02
915,SQ10814,Dissolved Reactive Phosphorus,2011-04-05 11:20:00,0.03,0.024
949,SQ10814,Dissolved Reactive Phosphorus,2016-02-16 08:47:00,0.027,0.024
970,SQ10814,Dissolved Reactive Phosphorus,2018-11-09 09:49:00,0.025,0.024
990,SQ10818,Dissolved Reactive Phosphorus,2006-04-10 14:25:00,0.12,0.10999999999999999
1085,SQ10818,Dissolved Reactive Phosphorus,2018-11-09 10:15:00,0.167,0.10999999999999999
1143,SQ20104,Dissolved Reactive Phosphorus,2004-08-17 12:45:00,0.059,0.032
1326,SQ20112,Dissolved Reactive Phosphorus,2004-02-16 09:20:00,0.012,0.011
1340,SQ20112,Dissolved Reactive Phosphorus,2008-02-25 11:15:00,0.016,0.011
1343,SQ20112,Dissolved Reactive Phosphorus,2009-05-19 09:54:00,0.012,0.011
1470,SQ20176,Dissolved Reactive Phosphorus,2004-11-22 12:30:00,0.02,0.019
1511,SQ20177,Dissolved Reactive Phosphorus,2007-03-14 14:12:00,0.026,0.015
1667,SQ20195,Dissolved Reactive Phosphorus,2018-01-12 08:13:00,0.58,0.245
1731,SQ20199,Dissolved Reactive Phosphorus,2012-08-08 10:26:00,0.4,0.206
1842,SQ20236,Dissolved Reactive Phosphorus,2017-08-14 09:48:00,0.046,0.034
1906,SQ20252,Dissolved Reactive Phosphorus,2014-06-11 08:15:00,0.077,0.05
1959,SQ20252,Dissolved Reactive Phosphorus,2018-12-04 08:03:00,0.054,0.05
1988,SQ20318,Dissolved Reactive Phosphorus,2007-03-27 15:27:00,0.076,0.035
2095,SQ20332,Dissolved Reactive Phosphorus,2006-06-26 13:40:00,0.014,0.012
2172,SQ20332,Dissolved Reactive Phosphorus,2017-10-13 10:15:00,0.0125,0.012
2221,SQ20350,Dissolved Reactive Phosphorus,2010-06-08 09:53:00,0.03,0.028
2355,SQ20401,Dissolved Reactive Phosphorus,2015-02-09 13:11:00,1.11,0.923
2419,SQ20450,Dissolved Reactive Phosphorus,2017-04-13 12:07:00,0.064,0.041
2551,SQ20509,Dissolved Reactive Phosphorus,2014-12-23 10:06:00,1.26,0.516
2632,SQ20541,Dissolved Reactive Phosphorus,2012-08-13 11:00:00,0.23,0.14
2685,SQ20544,Dissolved Reactive Phosphorus,2011-02-08 11:22:00,0.065,0.062
2813,SQ20545,Dissolved Reactive Phosphorus,2018-01-12 10:01:00,0.104,0.051
2941,SQ20577,Dissolved Reactive Phosphorus,2009-07-07 13:09:00,0.019,0.015
2978,SQ20601,Dissolved Reactive Phosphorus,2018-01-31 12:01:00,0.29,0.256
3038,SQ20606,Dissolved Reactive Phosphorus,2017-04-13 11:30:00,0.035,0.031
3173,SQ20785,Dissolved Reactive Phosphorus,2013-06-19 08:32:00,0.013,0.01
3242,SQ21044,Dissolved Reactive Phosphorus,2012-08-22 13:15:00,0.045,0.033
3313,SQ21045,Dissolved Reactive Phosphorus,2012-08-22 13:29:00,0.22,0.17300000000000001
3350,SQ21046,Dissolved Reactive Phosphorus,2004-12-07 10:05:00,0.068,0.067
3403,SQ21046,Dissolved Reactive Phosphorus,2017-08-14 11:40:00,0.069,0.067
3449,SQ21047,Dissolved Reactive Phosphorus,2011-02-08 11:48:00,0.14,0.136
3472,SQ21047,Dissolved Reactive Phosphorus,2014-06-11 11:15:00,0.24,0.136
3573,SQ21049,Dissolved Reactive Phosphorus,2012-08-15 12:33:00,0.32,0.254
3633,SQ21049,Dissolved Reactive Phosphorus,2018-01-12 11:37:00,0.49,0.254
3711,SQ21160,Dissolved Reactive Phosphorus,2008-12-10 11:01:00,1.1,0.83
3712,SQ21160,Dissolved Reactive Phosphorus,2009-02-12 11:37:00,1.0,0.83
3839,SQ21254,Dissolved Reactive Phosphorus,2004-12-06 11:00:00,0.56,0.528
3885,SQ21254,Dissolved Reactive Phosphorus,2012-08-09 11:22:00,0.63,0.528
3894,SQ21254,Dissolved Reactive Phosphorus,2013-05-20 11:05:00,0.54,0.528
4006,SQ21255,Dissolved Reactive Phosphorus,2012-08-09 11:56:00,0.66,0.656
4079,SQ21255,Dissolved Reactive Phosphorus,2018-09-03 11:29:00,0.9,0.656
4097,SQ21289,Dissolved Reactive Phosphorus,2004-10-11 10:30:00,1.5,1.276
4113,SQ21289,Dissolved Reactive Phosphorus,2008-10-14 11:26:00,1.3,1.276
4257,SQ21292,Dissolved Reactive Phosphorus,2013-05-20 09:32:00,0.076,0.042
4342,SQ21296,Dissolved Reactive Phosphorus,2004-12-06 10:00:00,0.52,0.30900000000000005
4396,SQ21296,Dissolved Reactive Phosphorus,2017-04-10 11:18:00,0.31,0.30900000000000005
4437,SQ21298,Dissolved Reactive Phosphorus,2009-07-07 10:04:00,0.053,0.048
4581,SQ21299,Dissolved Reactive Phosphorus,2017-04-10 10:40:00,0.45,0.369
4629,SQ21309,Dissolved Reactive Phosphorus,2012-08-15 11:20:00,0.041,0.038
4637,SQ21309,Dissolved Reactive Phosphorus,2017-08-14 13:20:00,0.051,0.038
4755,SQ22030,Dissolved Reactive Phosphorus,2018-12-04 12:44:00,1.02,0.819
4821,SQ26221,Dissolved Reactive Phosphorus,2013-10-09 09:15:00,0.085,0.043
4909,SQ26242,Dissolved Reactive Phosphorus,2014-04-29 10:55:00,0.28,0.17800000000000002
4964,SQ26368,Dissolved Reactive Phosphorus,2011-10-26 11:05:00,0.023,0.014
5007,SQ26369,Dissolved Reactive Phosphorus,2009-01-12 09:40:00,0.009,0.006
5049,SQ26633,Dissolved Reactive Phosphorus,2005-02-14 13:10:00,0.37,0.139
5285,SQ26932,Dissolved Reactive Phosphorus,2016-10-04 09:50:00,0.041,0.02
5321,SQ30011,Dissolved Reactive Phosphorus,2005-07-18 12:20:00,0.095,0.056
5512,SQ30162,Dissolved Reactive Phosphorus,2018-06-14 10:43:00,0.058,0.049
5657,SQ30184,Dissolved Reactive Phosphorus,2009-05-25 11:05:00,0.012,0.011
5660,SQ30184,Dissolved Reactive Phosphorus,2010-05-31 09:11:00,0.012,0.011
5763,SQ30215,Dissolved Reactive Phosphorus,2012-08-17 08:35:00,0.027,0.022
5873,SQ30222,Dissolved Reactive Phosphorus,2010-08-09 11:50:00,0.077,0.061
6026,SQ30332,Dissolved Reactive Phosphorus,2018-01-12 09:19:00,0.115,0.068
6124,SQ30369,Dissolved Reactive Phosphorus,2017-10-09 09:10:00,0.171,0.126
6127,SQ30369,Dissolved Reactive Phosphorus,2018-01-12 10:18:00,0.21,0.126
6181,SQ30390,Dissolved Reactive Phosphorus,2008-08-28 10:30:00,0.06,0.045
6340,SQ30400,Dissolved Reactive Phosphorus,2017-04-07 11:29:00,0.163,0.161
6349,SQ30400,Dissolved Reactive Phosphorus,2018-01-12 09:48:00,0.25,0.161
6403,SQ30426,Dissolved Reactive Phosphorus,2011-08-18 10:45:00,0.19,0.124
6762,SQ30782,Dissolved Reactive Phosphorus,2011-05-04 09:50:00,0.32,0.113
6937,SQ30878,Dissolved Reactive Phosphorus,2009-05-12 13:40:00,0.22,0.138
6974,SQ30878,Dissolved Reactive Phosphorus,2012-08-16 13:04:00,0.21,0.138
6984,SQ30878,Dissolved Reactive Phosphorus,2013-06-28 12:38:00,0.156,0.138
7040,SQ30878,Dissolved Reactive Phosphorus,2018-02-22 11:35:00,0.167,0.138
7076,SQ30916,Dissolved Reactive Phosphorus,2007-05-03 13:25:00,0.089,0.08
7079,SQ30916,Dissolved Reactive Phosphorus,2008-02-18 12:55:00,0.093,0.08
7084,SQ30916,Dissolved Reactive Phosphorus,2009-05-06 13:55:00,0.1,0.08
7200,SQ30928,Dissolved Reactive Phosphorus,2009-05-06 11:40:00,0.016,0.011
7264,SQ30945,Dissolved Reactive Phosphorus,2007-11-27 10:00:00,0.097,0.096
7540,SQ30976,Dissolved Reactive Phosphorus,2007-10-11 10:40:00,0.33,0.268
7550,SQ30976,Dissolved Reactive Phosphorus,2008-08-14 10:15:00,0.48,0.268
7738,SQ30977,Dissolved Reactive Phosphorus,2014-12-16 09:01:00,0.75,0.4
7812,SQ30992,Dissolved Reactive Phosphorus,2008-08-14 09:50:00,1.0,0.306
7946,SQ31018,Dissolved Reactive Phosphorus,2004-03-17 12:30:00,0.008,0.006
7997,SQ31020,Dissolved Reactive Phosphorus,2004-03-17 11:30:00,0.01,0.006
8277,SQ32872,Dissolved Reactive Phosphorus,2012-08-16 13:40:00,0.16,0.093
8287,SQ32872,Dissolved Reactive Phosphorus,2013-06-28 12:51:00,0.108,0.093
8423,SQ32943,Dissolved Reactive Phosphorus,2017-10-09 08:05:00,0.037,0.028
8426,SQ32943,Dissolved Reactive Phosphorus,2018-01-12 08:35:00,0.045,0.028
8785,SQ33147,Dissolved Reactive Phosphorus,2018-12-03 09:11:00,0.072,0.066
8816,SQ33148,Dissolved Reactive Phosphorus,2013-01-22 08:25:00,0.023,0.017
8902,SQ33270,Dissolved Reactive Phosphorus,2006-07-20 10:35:00,0.032,0.02
9000,SQ33273,Dissolved Reactive Phosphorus,2006-07-20 11:05:00,0.16,0.147
9032,SQ33273,Dissolved Reactive Phosphorus,2013-09-25 14:46:00,0.32,0.147
9122,SQ33274,Dissolved Reactive Phosphorus,2006-07-20 12:00:00,0.14,0.087
9190,SQ33476,Dissolved Reactive Phosphorus,2006-07-20 10:50:00,0.13,0.088
9422,SQ33962,Dissolved Reactive Phosphorus,2014-07-01 11:50:00,0.022,0.02
9469,SQ34191,Dissolved Reactive Phosphorus,2004-07-29 10:50:00,0.071,0.064
9493,SQ34191,Dissolved Reactive Phosphorus,2010-08-09 12:25:00,0.08,0.064
9544,SQ34412,Dissolved Reactive Phosphorus,2006-07-20 12:50:00,0.22,0.136
9608,SQ34417,Dissolved Reactive Phosphorus,2006-02-22 10:00:00,0.072,0.054
9620,SQ34417,Dissolved Reactive Phosphorus,2007-02-22 10:05:00,0.072,0.054
9658,SQ34417,Dissolved Reactive Phosphorus,2010-05-27 10:40:00,0.065,0.054
9828,SQ34418,Dissolved Reactive Phosphorus,2010-05-27 10:10:00,0.13,0.08499999999999999
9983,SQ34538,Dissolved Reactive Phosphorus,2018-02-22 07:56:00,0.038,0.021
10025,SQ34540,Dissolved Reactive Phosphorus,2010-06-28 14:05:00,0.15,0.088
10090,SQ34540,Dissolved Reactive Phosphorus,2018-02-22 09:06:00,0.12,0.088
10140,SQ34557,Dissolved Reactive Phosphorus,2006-07-20 11:45:00,0.13,0.08299999999999999
10321,SQ34580,Dissolved Reactive Phosphorus,2007-03-14 06:10:00,0.042,0.035
10381,SQ34580,Dissolved Reactive Phosphorus,2017-09-19 10:18:00,0.054,0.035
10551,SQ34646,Dissolved Reactive Phosphorus,2010-08-09 11:15:00,0.16,0.137
10615,SQ34646,Dissolved Reactive Phosphorus,2017-10-09 10:36:00,0.182,0.137
10618,SQ34646,Dissolved Reactive Phosphorus,2018-01-12 12:31:00,0.175,0.137
10649,SQ34704,Dissolved Reactive Phosphorus,2006-04-26 10:50:00,0.016,0.013000000000000001
10810,SQ34706,Dissolved Reactive Phosphorus,2005-07-18 12:40:00,0.037,0.025
10847,SQ34706,Dissolved Reactive Phosphorus,2014-04-29 14:19:00,0.028,0.025
10906,SQ34711,Dissolved Reactive Phosphorus,2006-07-20 09:45:00,0.051,0.031
11035,SQ34865,Dissolved Reactive Phosphorus,2008-01-24 08:20:00,0.052,0.035
11143,SQ34865,Dissolved Reactive Phosphorus,2018-06-13 08:34:00,0.048,0.035
11256,SQ34866,Dissolved Reactive Phosphorus,2014-04-30 11:46:00,0.113,0.104
11305,SQ34866,Dissolved Reactive Phosphorus,2018-06-13 12:39:00,0.23,0.104
11336,SQ34869,Dissolved Reactive Phosphorus,2009-10-19 11:20:00,0.048,0.034
11360,SQ34869,Dissolved Reactive Phosphorus,2014-04-29 13:01:00,0.038,0.034
11553,SQ34903,Dissolved Reactive Phosphorus,2011-08-18 11:45:00,0.045,0.033
11656,SQ34905,Dissolved Reactive Phosphorus,2018-02-02 10:49:00,0.057,0.043
12019,SQ35173,Dissolved Reactive Phosphorus,2013-09-25 14:07:00,0.05,0.049
12168,SQ35174,Dissolved Reactive Phosphorus,2018-11-26 14:30:00,0.0161,0.012
12268,SQ35235,Dissolved Reactive Phosphorus,2009-12-02 10:39:00,0.13,0.111
12569,SQ35798,Dissolved Reactive Phosphorus,2019-04-30 11:03:00,0.132,0.072
12665,SQ35818,Dissolved Reactive Phosphorus,2017-10-16 10:00:00,0.0069,0.006
12820,SQ35874,Dissolved Reactive Phosphorus,2013-08-06 11:15:00,0.007,0.006
12958,SQ35962,Dissolved Reactive Phosphorus,2014-06-10 08:40:00,0.002,0.001
12959,SQ35962,Dissolved Reactive Phosphorus,2014-09-17 08:11:00,0.0013,0.001
12960,SQ35962,Dissolved Reactive Phosphorus,2015-04-15 08:13:00,0.0013,0.001
12961,SQ35962,Dissolved Reactive Phosphorus,2015-05-12 13:49:00,0.0011,0.001
12962,SQ35962,Dissolved Reactive Phosphorus,2015-06-17 13:35:00,0.0011,0.001
12963,SQ35962,Dissolved Reactive Phosphorus,2015-07-22 13:41:00,0.0011,0.001
12964,SQ35962,Dissolved Reactive Phosphorus,2016-06-21 14:00:00,0.0014,0.001
12966,SQ35962,Dissolved Reactive Phosphorus,2017-05-23 10:31:00,0.0015,0.001
12967,SQ35962,Dissolved Reactive Phosphorus,2017-09-19 10:30:00,0.0012,0.001
12968,SQ35962,Dissolved Reactive Phosphorus,2018-06-20 10:31:00,0.0012,0.001
12969,SQ35962,Dissolved Reactive Phosphorus,2018-07-17 10:36:00,0.0019,0.001
12970,SQ35962,Dissolved Reactive Phosphorus,2019-07-18 14:11:00,0.0018,0.001
38,SQ10005,Total Phosphorus,2013-09-26 13:05:00,0.154,0.076
227,SQ10012,Total Phosphorus,2018-10-12 07:09:00,0.084,0.079
429,SQ10160,Total Phosphorus,2018-11-09 12:33:00,0.28,0.23299999999999998
474,SQ10174,Total Phosphorus,2013-11-12 08:00:00,0.75,0.394
573,SQ10275,Total Phosphorus,2011-10-26 11:32:00,0.071,0.057999999999999996
644,SQ10275,Total Phosphorus,2018-05-23 13:03:00,0.059,0.057999999999999996
684,SQ10301,Total Phosphorus,2016-11-18 09:56:00,0.157,0.119
753,SQ10804,Total Phosphorus,2018-01-24 12:52:00,0.27,0.16
835,SQ10814,Total Phosphorus,2018-11-09 09:49:00,0.44,0.25
944,SQ10818,Total Phosphorus,2018-11-09 10:15:00,0.43,0.385
1073,SQ20104,Total Phosphorus,2018-02-22 14:12:00,0.67,0.5920000000000001
1100,SQ20106,Total Phosphorus,2009-05-19 10:53:00,0.74,0.707
1133,SQ20107,Total Phosphorus,2009-05-19 10:37:00,0.2,0.19
1207,SQ20112,Total Phosphorus,2018-02-22 09:19:00,0.61,0.607
1281,SQ20175,Total Phosphorus,2019-12-04 12:06:00,1.83,1.143
1298,SQ20176,Total Phosphorus,2012-08-15 09:47:00,1.2,0.8959999999999999
1380,SQ20177,Total Phosphorus,2019-12-04 10:57:00,1.2,0.708
1487,SQ20195,Total Phosphorus,2018-01-12 08:13:00,0.65,0.309
1551,SQ20199,Total Phosphorus,2012-08-08 10:26:00,0.68,0.353
1650,SQ20236,Total Phosphorus,2017-08-14 09:48:00,0.36,0.261
1703,SQ20252,Total Phosphorus,2014-06-11 08:15:00,0.23,0.157
1762,SQ20252,Total Phosphorus,2019-07-04 09:11:00,0.171,0.157
1782,SQ20318,Total Phosphorus,2007-03-27 15:27:00,0.12,0.096
1875,SQ20318,Total Phosphorus,2019-11-06 08:53:00,0.179,0.096
1942,SQ20332,Total Phosphorus,2019-08-06 10:06:00,0.31,0.161
2014,SQ20350,Total Phosphorus,2018-02-22 11:22:00,0.22,0.112
2080,SQ20401,Total Phosphorus,2015-02-09 13:11:00,1.31,1.233
2131,SQ20450,Total Phosphorus,2017-04-13 12:07:00,0.095,0.083
2139,SQ20450,Total Phosphorus,2018-02-22 11:40:00,0.096,0.083
2186,SQ20497,Total Phosphorus,2017-01-19 09:49:00,1.18,0.773
2265,SQ20509,Total Phosphorus,2014-12-23 10:06:00,1.28,0.538
2342,SQ20541,Total Phosphorus,2012-08-13 11:00:00,0.26,0.186
2391,SQ20544,Total Phosphorus,2011-02-08 11:22:00,0.16,0.121
2514,SQ20545,Total Phosphorus,2018-01-12 10:01:00,0.123,0.095
2522,SQ20545,Total Phosphorus,2018-09-06 11:14:00,0.099,0.095
2538,SQ20575,Total Phosphorus,2004-12-06 10:35:00,0.075,0.065
2548,SQ20575,Total Phosphorus,2009-07-07 11:52:00,0.074,0.065
2618,SQ20577,Total Phosphorus,2009-07-07 13:09:00,0.068,0.061
2674,SQ20601,Total Phosphorus,2006-08-02 09:55:00,4.5,1.942
2868,SQ20606,Total Phosphorus,2017-04-13 11:30:00,0.087,0.086
2877,SQ20606,Total Phosphorus,2018-02-22 12:06:00,0.097,0.086
2941,SQ20725,Total Phosphorus,2018-02-22 09:25:00,0.049,0.046
2989,SQ20785,Total Phosphorus,2018-05-23 09:02:00,0.188,0.131
3063,SQ21044,Total Phosphorus,2017-11-27 10:03:00,0.092,0.077
3114,SQ21045,Total Phosphorus,2012-08-22 13:29:00,0.34,0.276
3134,SQ21045,Total Phosphorus,2017-08-14 11:30:00,0.3,0.276
3206,SQ21046,Total Phosphorus,2017-08-14 11:40:00,0.35,0.194
3258,SQ21047,Total Phosphorus,2012-08-22 12:59:00,0.22,0.199
3275,SQ21047,Total Phosphorus,2014-06-11 11:15:00,0.34,0.199
3376,SQ21049,Total Phosphorus,2012-08-15 12:33:00,0.52,0.378
3393,SQ21049,Total Phosphorus,2014-06-11 11:40:00,0.38,0.378
3436,SQ21049,Total Phosphorus,2018-01-12 11:37:00,0.62,0.378
3515,SQ21160,Total Phosphorus,2009-02-12 11:37:00,1.3,0.933
3642,SQ21254,Total Phosphorus,2004-12-06 11:00:00,0.69,0.644
3673,SQ21254,Total Phosphorus,2007-07-03 09:30:00,0.88,0.644
3734,SQ21254,Total Phosphorus,2012-08-09 11:22:00,0.72,0.644
3927,SQ21255,Total Phosphorus,2018-08-10 11:54:00,1.17,0.987
3928,SQ21255,Total Phosphorus,2018-09-03 11:29:00,1.66,0.987
3946,SQ21289,Total Phosphorus,2004-10-11 10:30:00,1.9,1.4609999999999999
3962,SQ21289,Total Phosphorus,2008-10-14 11:26:00,1.5,1.4609999999999999
4060,SQ21292,Total Phosphorus,2004-01-14 09:30:00,0.077,0.068
4090,SQ21292,Total Phosphorus,2009-07-07 11:37:00,0.078,0.068
4106,SQ21292,Total Phosphorus,2013-05-20 09:32:00,0.092,0.068
4192,SQ21296,Total Phosphorus,2004-12-06 10:00:00,0.58,0.40299999999999997
4246,SQ21296,Total Phosphorus,2017-04-10 11:18:00,0.46,0.40299999999999997
4264,SQ21298,Total Phosphorus,2004-12-06 09:00:00,0.11,0.09
4287,SQ21298,Total Phosphorus,2009-07-07 10:04:00,0.13,0.09
4305,SQ21298,Total Phosphorus,2013-07-11 09:18:00,0.099,0.09
4435,SQ21299,Total Phosphorus,2018-04-06 08:46:00,0.87,0.771
4478,SQ21309,Total Phosphorus,2017-08-14 13:20:00,0.87,0.555
4522,SQ22030,Total Phosphorus,2011-01-10 13:20:00,5.6,2.867
4648,SQ26221,Total Phosphorus,2013-04-08 10:45:00,5.3,2.241
4737,SQ26242,Total Phosphorus,2014-04-29 10:55:00,0.5,0.30200000000000005
4873,SQ26633,Total Phosphorus,2012-08-15 12:16:00,0.8,0.494
4947,SQ26931,Total Phosphorus,2018-02-01 09:24:00,0.186,0.15600000000000003
5004,SQ26932,Total Phosphorus,2016-10-04 09:50:00,0.046,0.033
5042,SQ26932,Total Phosphorus,2019-12-04 09:36:00,0.039,0.033
5068,SQ30011,Total Phosphorus,2014-04-29 13:51:00,0.62,0.359
5153,SQ30079,Total Phosphorus,2018-01-29 15:42:00,0.099,0.07200000000000001
5184,SQ30141,Total Phosphorus,2013-02-28 09:15:00,0.024,0.023
5258,SQ30147,Total Phosphorus,2015-02-17 08:43:00,0.02,0.018000000000000002
5279,SQ30162,Total Phosphorus,2008-08-27 13:55:00,0.31,0.263
5350,SQ30162,Total Phosphorus,2018-06-14 10:43:00,0.32,0.263
5371,SQ30175,Total Phosphorus,2009-05-25 10:20:00,0.47,0.40599999999999997
5389,SQ30175,Total Phosphorus,2013-07-03 11:08:00,0.44,0.40599999999999997
5440,SQ30184,Total Phosphorus,2009-05-25 11:05:00,0.22,0.219
5521,SQ30215,Total Phosphorus,2012-08-17 08:35:00,0.031,0.028999999999999998
5630,SQ30222,Total Phosphorus,2010-08-09 11:50:00,0.16,0.11499999999999999
5771,SQ30332,Total Phosphorus,2017-04-07 11:01:00,0.42,0.192
5878,SQ30369,Total Phosphorus,2017-10-09 09:10:00,0.28,0.197
5881,SQ30369,Total Phosphorus,2018-01-12 10:18:00,0.3,0.197
6038,SQ30400,Total Phosphorus,2011-08-18 10:55:00,0.43,0.325
6102,SQ30400,Total Phosphorus,2017-10-09 08:51:00,0.45,0.325
6105,SQ30400,Total Phosphorus,2018-01-12 09:48:00,0.35,0.325
6116,SQ30400,Total Phosphorus,2018-12-06 13:15:00,0.34,0.325
6159,SQ30426,Total Phosphorus,2011-08-18 10:45:00,0.34,0.20800000000000002
6369,SQ30486,Total Phosphorus,2017-04-10 11:23:00,0.035,0.027
6474,SQ30521,Total Phosphorus,2011-04-21 10:50:00,0.055,0.042
6576,SQ30525,Total Phosphorus,2018-04-13 14:55:00,0.07,0.053
6609,SQ30707,Total Phosphorus,2013-03-05 13:32:00,0.182,0.14200000000000002
6630,SQ30707,Total Phosphorus,2014-12-01 09:33:00,0.149,0.14200000000000002
6792,SQ30782,Total Phosphorus,2012-08-16 14:30:00,0.27,0.194
6799,SQ30782,Total Phosphorus,2013-03-12 12:40:00,0.42,0.194
6933,SQ30878,Total Phosphorus,2007-10-11 11:50:00,0.21,0.206
6943,SQ30878,Total Phosphorus,2008-08-14 11:10:00,0.22,0.206
6952,SQ30878,Total Phosphorus,2009-05-12 13:40:00,0.26,0.206
6965,SQ30878,Total Phosphorus,2010-06-10 13:00:00,0.24,0.206
6990,SQ30878,Total Phosphorus,2012-08-16 13:04:00,0.29,0.206
7115,SQ30916,Total Phosphorus,2013-07-16 12:02:00,7.1,2.7720000000000002
7198,SQ30928,Total Phosphorus,2009-05-06 11:40:00,0.54,0.496
7245,SQ30945,Total Phosphorus,2009-05-06 11:10:00,0.7,0.43599999999999994
7306,SQ30945,Total Phosphorus,2017-02-17 10:15:00,0.5,0.43599999999999994
7822,SQ30955,Total Phosphorus,2012-08-16 13:45:00,1.8,0.786
8143,SQ30976,Total Phosphorus,2007-10-11 10:40:00,0.64,0.452
8153,SQ30976,Total Phosphorus,2008-08-14 10:15:00,0.82,0.452
8347,SQ30977,Total Phosphorus,2015-12-21 10:35:00,2.5,1.095
8413,SQ30992,Total Phosphorus,2008-08-14 09:50:00,3.3,1.026
8575,SQ31018,Total Phosphorus,2016-02-18 15:01:00,1.07,1.068
8594,SQ31018,Total Phosphorus,2019-01-24 14:44:00,1.29,1.068
8640,SQ31020,Total Phosphorus,2016-02-18 09:15:00,1.11,0.7889999999999999
8798,SQ31047,Total Phosphorus,2013-02-28 10:28:00,0.07,0.055
8875,SQ31051,Total Phosphorus,2014-01-24 09:50:00,0.038,0.027
8966,SQ31065,Total Phosphorus,2018-03-08 11:35:00,0.021,0.018000000000000002
9145,SQ32732,Total Phosphorus,2014-12-01 11:54:00,0.26,0.155
9220,SQ32801,Total Phosphorus,2008-03-27 11:50:00,0.16,0.14300000000000002
9310,SQ32802,Total Phosphorus,2013-04-24 00:00:00,0.066,0.041
9404,SQ32804,Total Phosphorus,2019-12-12 11:44:00,0.09,0.057999999999999996
9459,SQ32872,Total Phosphorus,2008-08-14 11:50:00,0.26,0.239
9506,SQ32872,Total Phosphorus,2012-08-16 13:40:00,0.31,0.239
9688,SQ32943,Total Phosphorus,2018-10-12 09:15:00,4.7,3.208
9712,SQ33055,Total Phosphorus,2005-03-02 11:45:00,0.58,0.477
9786,SQ33055,Total Phosphorus,2011-10-19 09:45:00,1.1,0.477
9919,SQ33056,Total Phosphorus,2011-10-19 10:10:00,1.4,0.469
10083,SQ33147,Total Phosphorus,2006-02-15 11:15:00,18.0,4.89
10339,SQ33148,Total Phosphorus,2017-09-26 07:44:00,11.1,5.842
10431,SQ33270,Total Phosphorus,2018-11-26 09:22:00,4.8,2.962
10457,SQ33273,Total Phosphorus,2006-07-20 11:05:00,0.76,0.389
10489,SQ33273,Total Phosphorus,2013-09-25 14:46:00,0.52,0.389
10579,SQ33274,Total Phosphorus,2006-07-20 12:00:00,0.46,0.266
10647,SQ33476,Total Phosphorus,2006-07-20 10:50:00,0.76,0.408
10888,SQ33899,Total Phosphorus,2016-06-30 11:14:00,0.188,0.106
10916,SQ33899,Total Phosphorus,2018-11-27 09:05:00,0.148,0.106
10934,SQ33962,Total Phosphorus,2008-08-27 12:15:00,0.18,0.151
10998,SQ34191,Total Phosphorus,2004-07-29 10:50:00,0.18,0.17400000000000002
11022,SQ34191,Total Phosphorus,2010-08-09 12:25:00,0.24,0.17400000000000002
11073,SQ34412,Total Phosphorus,2006-07-20 12:50:00,0.55,0.33
11185,SQ34417,Total Phosphorus,2010-05-27 10:40:00,0.99,0.5710000000000001
11279,SQ34417,Total Phosphorus,2018-06-13 12:20:00,1.36,0.5710000000000001
11350,SQ34418,Total Phosphorus,2010-05-27 10:10:00,0.24,0.175
11362,SQ34418,Total Phosphorus,2011-07-13 10:15:00,0.18,0.175
11469,SQ34538,Total Phosphorus,2018-02-22 07:56:00,0.055,0.041
11509,SQ34540,Total Phosphorus,2010-06-28 14:05:00,0.19,0.154
11520,SQ34540,Total Phosphorus,2013-05-23 10:40:00,0.21,0.154
11569,SQ34540,Total Phosphorus,2018-02-22 09:06:00,0.163,0.154
11647,SQ34548,Total Phosphorus,2010-06-10 11:00:00,0.14,0.075
11754,SQ34557,Total Phosphorus,2006-07-20 11:45:00,0.54,0.32599999999999996
11844,SQ34569,Total Phosphorus,2013-10-09 09:50:00,0.2,0.122
11977,SQ34580,Total Phosphorus,2017-09-19 10:18:00,0.23,0.118
12022,SQ34626,Total Phosphorus,2010-03-30 09:32:00,0.38,0.28400000000000003
12150,SQ34646,Total Phosphorus,2010-08-09 11:15:00,0.37,0.27899999999999997
12214,SQ34646,Total Phosphorus,2017-10-09 10:36:00,0.42,0.27899999999999997
12217,SQ34646,Total Phosphorus,2018-01-12 12:31:00,0.3,0.27899999999999997
12313,SQ34704,Total Phosphorus,2017-09-26 08:42:00,0.75,0.364
12379,SQ34705,Total Phosphorus,2018-04-17 10:18:00,0.23,0.219
12420,SQ34706,Total Phosphorus,2014-04-29 14:19:00,0.58,0.53
12422,SQ34706,Total Phosphorus,2014-06-26 14:29:00,0.64,0.53
12449,SQ34706,Total Phosphorus,2017-09-26 12:24:00,0.63,0.53
12542,SQ34711,Total Phosphorus,2018-11-27 09:35:00,1.72,0.8939999999999999
12588,SQ34865,Total Phosphorus,2010-05-27 09:15:00,0.21,0.187
12653,SQ34865,Total Phosphorus,2017-10-11 08:20:00,0.22,0.187
12661,SQ34865,Total Phosphorus,2018-06-13 08:34:00,0.31,0.187
12818,SQ34866,Total Phosphorus,2017-10-11 10:20:00,0.5,0.32199999999999995
12826,SQ34866,Total Phosphorus,2018-06-13 12:39:00,0.72,0.32199999999999995
12905,SQ34869,Total Phosphorus,2017-09-26 10:26:00,3.2,1.6480000000000001
12963,SQ34884,Total Phosphorus,2013-11-05 13:12:00,0.2,0.177
13059,SQ34903,Total Phosphorus,2011-08-18 11:45:00,0.1,0.077
13125,SQ34905,Total Phosphorus,2008-08-28 09:55:00,0.094,0.089
13137,SQ34905,Total Phosphorus,2011-08-18 11:55:00,0.1,0.089
13236,SQ34908,Total Phosphorus,2014-12-16 11:45:00,0.048,0.042
13257,SQ35080,Total Phosphorus,2012-08-16 10:26:00,0.29,0.284
13286,SQ35119,Total Phosphorus,2013-10-22 10:45:00,0.038,0.036000000000000004
13324,SQ35156,Total Phosphorus,2009-02-03 09:07:00,0.36,0.212
13364,SQ35156,Total Phosphorus,2014-12-01 11:32:00,0.28,0.212
13435,SQ35157,Total Phosphorus,2009-02-03 00:00:00,0.14,0.124
13499,SQ35172,Total Phosphorus,2013-09-25 10:22:00,1.43,1.036
13544,SQ35172,Total Phosphorus,2018-10-30 09:10:00,1.41,1.036
13641,SQ35173,Total Phosphorus,2018-10-30 15:09:00,0.54,0.266
13717,SQ35174,Total Phosphorus,2018-10-30 15:41:00,4.7,4.1819999999999995
13718,SQ35174,Total Phosphorus,2018-11-26 14:30:00,5.4,4.1819999999999995
13816,SQ35234,Total Phosphorus,2014-12-01 10:58:00,0.21,0.176
13854,SQ35235,Total Phosphorus,2009-12-02 10:39:00,0.32,0.273
13989,SQ35362,Total Phosphorus,2019-02-13 11:33:00,0.095,0.089
14011,SQ35363,Total Phosphorus,2014-04-24 12:00:00,0.192,0.154
14064,SQ35364,Total Phosphorus,2017-01-30 11:25:00,0.095,0.079
14145,SQ35639,Total Phosphorus,2015-05-19 14:56:00,0.035,0.034
14231,SQ35792,Total Phosphorus,2014-12-16 08:31:00,0.091,0.061
14322,SQ35798,Total Phosphorus,2014-04-28 11:55:00,0.115,0.11
14376,SQ35798,Total Phosphorus,2019-04-30 11:03:00,0.176,0.11
14444,SQ35800,Total Phosphorus,2018-11-26 13:07:00,3.6,2.315
14539,SQ35872,Total Phosphorus,2018-06-13 09:26:00,0.56,0.342
14582,SQ35873,Total Phosphorus,2017-01-19 10:52:00,1.02,0.612
14645,SQ35874,Total Phosphorus,2017-01-19 09:19:00,0.034,0.028999999999999998
14770,SQ35876,Total Phosphorus,2016-02-19 08:50:00,0.26,0.181
14831,SQ35888,Total Phosphorus,2018-02-23 11:16:00,1.0,0.814
38,SQ10005,Turbidity,2013-09-26 13:05:00,51.0,26.393
58,SQ10005,Turbidity,2015-05-13 10:26:00,34.0,26.393
407,SQ10057,Turbidity,2017-10-10 08:38:00,23.0,16.41
513,SQ10160,Turbidity,2018-11-09 12:33:00,179.0,78.07900000000001
595,SQ10167,Turbidity,2018-02-20 10:34:00,163.0,148.911
604,SQ10167,Turbidity,2018-11-09 11:05:00,290.0,148.911
656,SQ10174,Turbidity,2013-11-12 08:00:00,420.0,163.728
748,SQ10206,Turbidity,2013-10-24 08:40:00,2.3,2.212
829,SQ10275,Turbidity,2014-01-20 11:10:00,11.4,7.22
974,SQ10301,Turbidity,2016-11-18 09:56:00,106.0,51.645
1072,SQ10804,Turbidity,2017-07-19 13:30:00,8.7,7.009
1241,SQ10814,Turbidity,2018-11-09 09:49:00,440.0,167.337
1285,SQ10818,Turbidity,2011-10-12 10:52:00,130.0,114.52300000000001
1410,SQ10852,Turbidity,2014-07-16 12:10:00,23.0,15.794
1520,SQ20104,Turbidity,2017-09-19 13:33:00,810.0,619.739
1525,SQ20104,Turbidity,2018-02-22 14:12:00,620.0,619.739
1538,SQ20104,Turbidity,2019-03-28 14:10:00,1150.0,619.739
1559,SQ20106,Turbidity,2009-05-19 10:53:00,390.0,364.332
1612,SQ20107,Turbidity,2009-05-19 10:37:00,130.0,79.78200000000001
1749,SQ20112,Turbidity,2018-02-22 09:19:00,510.0,333.644
1811,SQ20175,Turbidity,2013-06-04 09:43:00,1380.0,1001.237
1889,SQ20175,Turbidity,2019-12-04 12:06:00,2200.0,1001.237
1932,SQ20176,Turbidity,2014-11-04 12:24:00,155.0,153.493
2070,SQ20177,Turbidity,2019-12-04 10:57:00,2300.0,911.282
2120,SQ20195,Turbidity,2013-05-07 09:12:00,14.1,13.606
2125,SQ20195,Turbidity,2013-10-09 07:55:00,26.0,13.606
2240,SQ20199,Turbidity,2012-08-08 10:26:00,120.0,67.431
2309,SQ20203,Turbidity,2016-07-14 09:44:00,460.0,283.539
2328,SQ20203,Turbidity,2018-02-22 08:00:00,290.0,283.539
2404,SQ20236,Turbidity,2017-08-14 09:48:00,460.0,247.552
2455,SQ20252,Turbidity,2013-10-09 07:20:00,80.0,52.078
2463,SQ20252,Turbidity,2014-06-11 08:15:00,94.0,52.078
2649,SQ20318,Turbidity,2019-11-06 08:53:00,72.0,29.14
2723,SQ20332,Turbidity,2016-07-14 10:18:00,4.2,3.133
2742,SQ20332,Turbidity,2018-02-22 09:04:00,3.2,3.133
2750,SQ20332,Turbidity,2018-10-12 09:45:00,3.6,3.133
2857,SQ20350,Turbidity,2018-02-22 11:22:00,194.0,76.75699999999999
2915,SQ20401,Turbidity,2012-08-14 10:10:00,100.0,72.52
3001,SQ20450,Turbidity,2018-02-22 11:40:00,28.0,15.186
3069,SQ20497,Turbidity,2017-01-19 09:49:00,1960.0,937.105
3159,SQ20509,Turbidity,2014-04-29 12:20:00,42.0,20.804
3170,SQ20509,Turbidity,2015-03-26 11:43:00,32.0,20.804
3258,SQ20541,Turbidity,2012-08-13 11:00:00,18.0,12.149999999999999
3278,SQ20541,Turbidity,2017-08-14 12:34:00,13.1,12.149999999999999
3413,SQ20545,Turbidity,2013-10-09 10:00:00,7.5,6.667999999999999
3422,SQ20545,Turbidity,2014-07-09 11:57:00,7.9,6.667999999999999
3433,SQ20545,Turbidity,2015-06-09 12:15:00,9.0,6.667999999999999
3495,SQ20575,Turbidity,2004-12-06 10:35:00,19.0,12.869000000000002
3518,SQ20575,Turbidity,2009-07-07 11:52:00,15.0,12.869000000000002
3534,SQ20575,Turbidity,2013-05-20 09:35:00,13.3,12.869000000000002
3635,SQ20577,Turbidity,2009-07-07 13:09:00,14.0,9.897
3667,SQ20577,Turbidity,2017-07-04 10:46:00,10.3,9.897
3727,SQ20606,Turbidity,2014-04-23 12:10:00,78.0,43.165
3773,SQ20606,Turbidity,2018-02-22 12:06:00,44.0,43.165
3886,SQ20725,Turbidity,2018-02-22 09:25:00,22.0,10.683
3935,SQ20785,Turbidity,2013-06-19 08:32:00,30.0,20.319
3991,SQ20785,Turbidity,2018-02-22 08:11:00,31.0,20.319
4013,SQ20785,Turbidity,2019-12-12 10:00:00,21.0,20.319
4076,SQ21044,Turbidity,2017-08-14 11:08:00,12.2,11.718
4148,SQ21045,Turbidity,2017-08-14 11:30:00,129.0,66.447
4220,SQ21046,Turbidity,2017-08-14 11:40:00,108.0,56.065999999999995
4272,SQ21047,Turbidity,2012-08-22 12:59:00,25.0,21.615000000000002
4289,SQ21047,Turbidity,2014-06-11 11:15:00,27.0,21.615000000000002
4390,SQ21049,Turbidity,2012-08-15 12:33:00,63.0,30.930999999999997
4407,SQ21049,Turbidity,2014-06-11 11:40:00,36.0,30.930999999999997
4529,SQ21160,Turbidity,2009-02-12 11:37:00,95.0,51.806000000000004
4558,SQ21160,Turbidity,2012-08-09 11:38:00,87.0,51.806000000000004
4618,SQ21160,Turbidity,2017-08-14 12:37:00,72.0,51.806000000000004
4688,SQ21254,Turbidity,2007-07-03 09:30:00,88.0,51.903
4747,SQ21254,Turbidity,2012-08-09 11:22:00,130.0,51.903
4868,SQ21255,Turbidity,2012-08-09 11:56:00,98.0,42.980000000000004
4978,SQ21289,Turbidity,2009-07-07 12:36:00,21.0,13.014
4994,SQ21289,Turbidity,2013-05-20 11:24:00,18.5,13.014
5103,SQ21292,Turbidity,2009-07-07 11:37:00,14.0,7.736
5120,SQ21292,Turbidity,2013-07-11 10:35:00,9.8,7.736
5252,SQ21296,Turbidity,2015-10-06 09:50:00,61.0,35.97
5276,SQ21298,Turbidity,2004-12-06 09:00:00,28.0,12.91
5299,SQ21298,Turbidity,2009-07-07 10:04:00,18.0,12.91
5411,SQ21299,Turbidity,2009-07-07 10:24:00,59.0,41.253
5508,SQ21309,Turbidity,2017-08-14 13:20:00,490.0,254.701
5587,SQ22030,Turbidity,2015-07-06 14:10:00,60.0,54.660999999999994
5600,SQ22030,Turbidity,2016-08-03 14:10:00,71.0,54.660999999999994
5608,SQ22030,Turbidity,2017-04-12 15:55:00,74.0,54.660999999999994
5696,SQ26221,Turbidity,2013-10-09 09:15:00,19.2,9.118
5705,SQ26221,Turbidity,2014-07-09 12:28:00,11.8,9.118
5791,SQ26242,Turbidity,2014-04-29 10:55:00,85.0,48.114999999999995
5865,SQ26368,Turbidity,2011-10-26 11:05:00,810.0,390.416
5882,SQ26368,Turbidity,2013-10-22 08:25:00,680.0,390.416
5993,SQ26369,Turbidity,2013-10-22 09:25:00,8.5,4.057
6110,SQ26633,Turbidity,2012-08-15 12:16:00,340.0,163.746
6270,SQ26931,Turbidity,2018-02-01 09:24:00,187.0,96.541
6291,SQ26931,Turbidity,2019-12-04 09:11:00,130.0,96.541
6337,SQ26932,Turbidity,2015-06-11 11:00:00,3.8,3.298
6435,SQ30011,Turbidity,2014-04-29 13:51:00,590.0,246.763
6601,SQ30147,Turbidity,2019-12-12 13:48:00,5.8,3.915
6620,SQ30162,Turbidity,2008-08-27 13:55:00,300.0,184.64100000000002
6623,SQ30162,Turbidity,2009-05-25 13:40:00,240.0,184.64100000000002
6703,SQ30162,Turbidity,2017-10-12 11:40:00,190.0,184.64100000000002
6711,SQ30162,Turbidity,2018-06-14 10:43:00,197.0,184.64100000000002
6748,SQ30175,Turbidity,2008-08-27 10:20:00,470.0,287.379
6751,SQ30175,Turbidity,2009-05-25 10:20:00,400.0,287.379
6779,SQ30175,Turbidity,2013-07-03 11:08:00,300.0,287.379
6869,SQ30184,Turbidity,2008-08-27 11:10:00,220.0,143.142
6872,SQ30184,Turbidity,2009-05-25 11:05:00,170.0,143.142
6889,SQ30184,Turbidity,2013-06-04 10:50:00,160.0,143.142
7026,SQ30215,Turbidity,2015-04-01 11:57:00,6.7,3.758
7109,SQ30222,Turbidity,2010-08-09 11:50:00,17.0,11.56
7256,SQ30332,Turbidity,2017-04-07 11:01:00,128.0,48.505
7321,SQ30369,Turbidity,2008-08-28 09:55:00,28.0,19.14
7406,SQ30390,Turbidity,2007-06-27 11:25:00,50.0,33.969
7521,SQ30400,Turbidity,2011-08-18 10:55:00,55.0,48.978
7584,SQ30400,Turbidity,2017-10-09 08:51:00,110.0,48.978
7641,SQ30426,Turbidity,2011-08-18 10:45:00,20.0,15.473
7716,SQ30445,Turbidity,2011-08-18 10:00:00,5.1,3.999
7733,SQ30445,Turbidity,2014-03-06 08:30:00,5.9,3.999
7889,SQ30707,Turbidity,2012-06-05 12:12:00,21.0,17.44
7899,SQ30707,Turbidity,2013-10-09 12:00:00,22.0,17.44
7913,SQ30707,Turbidity,2014-12-01 09:33:00,24.0,17.44
7999,SQ30782,Turbidity,2007-10-11 13:15:00,27.0,21.34
8024,SQ30782,Turbidity,2009-11-03 14:30:00,46.0,21.34
8066,SQ30782,Turbidity,2013-06-28 13:24:00,22.0,21.34
8225,SQ30878,Turbidity,2012-08-16 13:04:00,21.0,11.294
8236,SQ30878,Turbidity,2013-07-16 12:20:00,15.3,11.294
8356,SQ30916,Turbidity,2013-10-15 10:46:00,140.0,108.836
8407,SQ30916,Turbidity,2018-02-22 10:54:00,230.0,108.836
8438,SQ30928,Turbidity,2006-02-09 09:35:00,170.0,143.927
8451,SQ30928,Turbidity,2009-05-06 11:40:00,210.0,143.927
8518,SQ30928,Turbidity,2017-09-19 11:39:00,250.0,143.927
8557,SQ30945,Turbidity,2009-05-06 11:10:00,270.0,137.73499999999999
8574,SQ30945,Turbidity,2013-05-10 10:32:00,155.0,137.73499999999999
8723,SQ30955,Turbidity,2017-02-07 10:18:00,470.0,462.57099999999997
8817,SQ30976,Turbidity,2007-10-11 10:40:00,38.0,24.432000000000002
8840,SQ30976,Turbidity,2009-11-03 11:50:00,31.0,24.432000000000002
8855,SQ30976,Turbidity,2011-04-12 11:25:00,28.0,24.432000000000002
8929,SQ30977,Turbidity,2007-10-11 10:25:00,38.0,20.564
9102,SQ30992,Turbidity,2012-08-16 11:22:00,8.7,8.225
9113,SQ30992,Turbidity,2013-07-16 11:26:00,11.9,8.225
9171,SQ30992,Turbidity,2018-05-24 12:18:00,9.4,8.225
9297,SQ31018,Turbidity,2019-01-24 14:44:00,3800.0,1536.65
9380,SQ31020,Turbidity,2016-02-18 09:15:00,1220.0,664.116
9389,SQ31020,Turbidity,2016-11-15 12:13:00,680.0,664.116
9415,SQ31020,Turbidity,2019-01-24 13:37:00,790.0,664.116
9592,SQ32732,Turbidity,2014-12-01 11:54:00,82.0,36.975
9784,SQ32872,Turbidity,2012-08-16 13:40:00,68.0,54.891
9795,SQ32872,Turbidity,2013-07-16 12:40:00,74.0,54.891
9925,SQ32943,Turbidity,2013-03-26 09:59:00,13.5,12.263
9980,SQ32943,Turbidity,2018-11-06 08:20:00,23.0,12.263
10076,SQ33055,Turbidity,2011-10-19 09:45:00,330.0,123.98700000000001
10203,SQ33056,Turbidity,2011-10-19 10:10:00,290.0,94.149
10413,SQ33148,Turbidity,2017-09-26 07:44:00,10000.0,4555.249
10548,SQ33270,Turbidity,2018-10-30 09:45:00,3700.0,2579.8239999999996
10549,SQ33270,Turbidity,2018-11-26 09:22:00,5000.0,2579.8239999999996
10577,SQ33273,Turbidity,2006-07-20 11:05:00,78.0,42.361000000000004
10609,SQ33273,Turbidity,2013-09-25 14:46:00,46.0,42.361000000000004
10638,SQ33273,Turbidity,2016-02-23 13:55:00,52.0,42.361000000000004
10699,SQ33274,Turbidity,2006-07-20 12:00:00,43.0,25.540999999999997
10767,SQ33476,Turbidity,2006-07-20 10:50:00,100.0,51.706
10941,SQ33899,Turbidity,2018-11-27 09:05:00,94.0,39.406
10973,SQ33962,Turbidity,2008-08-27 12:15:00,180.0,86.795
11098,SQ34191,Turbidity,2010-08-09 12:25:00,54.0,35.557
11150,SQ34412,Turbidity,2006-07-20 12:50:00,40.0,25.943
11361,SQ34417,Turbidity,2018-06-13 12:20:00,1490.0,501.68100000000004
11480,SQ34418,Turbidity,2015-10-14 09:06:00,111.0,72.594
11615,SQ34538,Turbidity,2018-06-20 09:53:00,3.9,3.46
11671,SQ34540,Turbidity,2013-07-16 11:05:00,24.0,10.932
11799,SQ34557,Turbidity,2006-07-20 11:45:00,120.0,107.912
11849,SQ34557,Turbidity,2018-10-30 16:10:00,176.0,107.912
11891,SQ34569,Turbidity,2013-10-09 09:50:00,55.0,28.746
12054,SQ34580,Turbidity,2017-09-19 10:18:00,67.0,28.102
12092,SQ34626,Turbidity,2009-01-15 12:11:00,68.0,57.278999999999996
12118,SQ34626,Turbidity,2013-10-09 09:30:00,83.0,57.278999999999996
12225,SQ34646,Turbidity,2010-08-09 11:15:00,47.0,33.268
12290,SQ34646,Turbidity,2017-10-09 10:36:00,56.0,33.268
12404,SQ34704,Turbidity,2017-09-26 08:42:00,780.0,353.15999999999997
12486,SQ34705,Turbidity,2018-04-17 10:18:00,240.0,170.13500000000002
12541,SQ34706,Turbidity,2014-04-29 14:19:00,760.0,499.75
12543,SQ34706,Turbidity,2014-06-26 14:29:00,660.0,499.75
12582,SQ34706,Turbidity,2017-09-26 12:24:00,670.0,499.75
12707,SQ34711,Turbidity,2018-11-27 09:35:00,2000.0,817.23
12782,SQ34865,Turbidity,2010-05-27 09:15:00,210.0,105.056
12871,SQ34865,Turbidity,2017-10-11 08:20:00,194.0,105.056
12879,SQ34865,Turbidity,2018-06-13 08:34:00,135.0,105.056
13042,SQ34866,Turbidity,2017-10-11 10:20:00,230.0,109.648
13050,SQ34866,Turbidity,2018-06-13 12:39:00,210.0,109.648
13152,SQ34869,Turbidity,2017-09-26 10:26:00,3800.0,1643.772
13184,SQ34884,Turbidity,2008-08-20 11:47:00,54.0,38.342
13215,SQ34884,Turbidity,2013-10-09 09:15:00,39.0,38.342
13338,SQ34903,Turbidity,2018-05-11 10:16:00,24.0,14.774
13377,SQ34905,Turbidity,2008-08-28 09:55:00,28.0,18.456
13474,SQ35080,Turbidity,2012-08-16 10:26:00,180.0,164.208
13534,SQ35119,Turbidity,2013-10-22 10:45:00,49.0,22.179000000000002
13660,SQ35156,Turbidity,2014-12-01 11:32:00,64.0,29.93
13773,SQ35157,Turbidity,2018-12-03 12:48:00,14.8,11.786000000000001
13806,SQ35172,Turbidity,2013-09-25 10:22:00,1510.0,929.152
13866,SQ35172,Turbidity,2018-10-30 09:10:00,1520.0,929.152
13964,SQ35173,Turbidity,2018-10-30 15:09:00,280.0,130.75799999999998
14060,SQ35174,Turbidity,2018-02-26 13:50:00,13700.0,7221.491999999999
14068,SQ35174,Turbidity,2018-10-30 15:41:00,7700.0,7221.491999999999
14132,SQ35234,Turbidity,2014-12-01 10:58:00,46.0,31.389000000000003
14206,SQ35235,Turbidity,2018-12-03 13:15:00,46.0,32.074
14345,SQ35545,Turbidity,2018-09-04 11:11:00,107.0,96.249
14453,SQ35792,Turbidity,2016-05-20 08:25:00,18.1,11.755
14527,SQ35798,Turbidity,2014-04-28 11:55:00,58.0,26.88
14657,SQ35800,Turbidity,2018-11-26 13:07:00,3000.0,2760.616
14670,SQ35800,Turbidity,2019-12-18 13:55:00,3500.0,2760.616
14697,SQ35818,Turbidity,2018-04-17 11:18:00,57.0,44.406
14762,SQ35871,Turbidity,2018-02-20 11:24:00,1230.0,667.073
14847,SQ35872,Turbidity,2018-06-13 09:26:00,310.0,151.571
14910,SQ35873,Turbidity,2017-01-19 10:52:00,2400.0,1138.212
14964,SQ35874,Turbidity,2014-10-23 10:12:00,7.6,7.0120000000000005
15100,SQ35875,Turbidity,2019-06-26 12:42:00,8.5,7.561999999999999
15131,SQ35876,Turbidity,2015-05-13 09:49:00,146.0,130.138
15140,SQ35876,Turbidity,2016-02-19 08:50:00,181.0,130.138
15288,SQ36037,Turbidity,2016-12-14 10:15:00,390.0,357.81800000000004
3312,SQ20545,pH (Field),2014-09-11 11:38:00,8.24,8.209999999999999
4311,SQ21047,pH (Field),2014-09-11 12:48:00,9.16,9.045
4427,SQ21049,pH (Field),2014-09-11 13:12:00,9.34,9.294
5538,SQ22030,pH (Field),2014-09-11 14:05:00,8.97,8.244
5846,SQ26368,pH (Field),2014-11-24 10:23:00,8.53,8.366
6825,SQ30215,pH (Field),2013-11-04 12:22:00,8.56,8.082
7252,SQ30390,pH (Field),2015-05-07 12:58:00,9.24,8.65
7346,SQ30400,pH (Field),2014-12-11 11:05:00,8.7,8.66
8648,SQ30976,pH (Field),2006-09-07 12:10:00,9.2,9.137
11844,SQ34557,pH (Field),2009-01-29 15:10:00,9.3,8.976
12305,SQ34646,pH (Field),2016-08-02 10:59:00,9.93,8.79
14366,SQ35798,pH (Field),2014-09-30 11:25:00,9.07,8.919
14553,SQ35871,pH (Field),2014-09-25 12:05:00,9.67,9.245000000000001
12,SQ10005,Black Disc Clarity,2014-06-10 11:25:00,6.75,6.448
431,SQ10275,Black Disc Clarity,2013-06-19 11:19:00,6.92,4.591
2647,SQ21298,Black Disc Clarity,2016-09-06 09:16:00,15.85,15.547
5551,SQ34704,Black Disc Clarity,2015-03-24 09:36:00,6.69,6.061
6409,SQ35174,Black Disc Clarity,2015-05-28 14:04:00,5.74,4.7909999999999995
6696,SQ35800,Black Disc Clarity,2014-02-24 11:05:00,2.07,1.5970000000000002
6928,SQ35873,Black Disc Clarity,2013-04-09 11:20:00,5.23,4.959
66,SQ10005,E. coli,2016-02-19 09:15:00,1986.0,1490.295
75,SQ10005,E. coli,2016-11-18 09:15:00,2420.0,1490.295
195,SQ10012,E. coli,2016-02-19 07:45:00,1986.0,1890.326
388,SQ10057,E. coli,2014-03-12 08:30:00,1203.0,1060.001
452,SQ10160,E. coli,2014-02-14 12:00:00,2420.0,2022.838
498,SQ10160,E. coli,2018-03-22 11:56:00,2420.0,2022.838
519,SQ10167,E. coli,2005-12-20 09:45:00,520.0,366.504
592,SQ10167,E. coli,2018-11-09 11:05:00,517.0,366.504
695,SQ10174,E. coli,2018-03-22 08:00:00,2420.0,2115.602
715,SQ10174,E. coli,2019-12-16 08:37:00,2420.0,2115.602
746,SQ10206,E. coli,2016-01-27 09:09:00,291.0,269.977
866,SQ10275,E. coli,2018-02-22 10:22:00,2420.0,1172.644
942,SQ10301,E. coli,2015-12-16 10:50:00,248.0,206.764
944,SQ10301,E. coli,2016-02-19 10:01:00,308.0,206.764
998,SQ10804,E. coli,2006-04-10 11:55:00,820.0,739.326
1072,SQ10805,E. coli,2013-10-22 12:35:00,261.0,223.172
1168,SQ10814,E. coli,2016-10-11 08:37:00,1733.0,1006.3539999999999
1464,SQ20106,E. coli,2004-02-16 10:10:00,910.0,853.1700000000001
1544,SQ20107,E. coli,2013-10-10 09:46:00,1553.0,1377.1119999999999
1552,SQ20107,E. coli,2016-01-20 11:17:00,1414.0,1377.1119999999999
1581,SQ20112,E. coli,2008-02-25 11:15:00,980.0,543.899
1645,SQ20112,E. coli,2017-01-19 08:14:00,727.0,543.899
1685,SQ20175,E. coli,2006-02-27 13:10:00,4600.0,2999.923
1843,SQ20176,E. coli,2017-02-01 12:16:00,1986.0,1937.136
1992,SQ20195,E. coli,2008-12-17 11:36:00,2400.0,2227.575
2105,SQ20199,E. coli,2006-02-14 12:45:00,2000.0,1896.31
2217,SQ20203,E. coli,2018-02-22 08:00:00,548.0,513.024
2281,SQ20236,E. coli,2014-05-26 13:05:00,1553.0,1130.385
2340,SQ20252,E. coli,2013-05-07 08:35:00,2420.0,1807.1989999999998
2352,SQ20252,E. coli,2014-06-11 08:15:00,2420.0,1807.1989999999998
2391,SQ20252,E. coli,2017-10-12 08:45:00,1986.0,1807.1989999999998
2501,SQ20318,E. coli,2017-04-12 12:27:00,2420.0,2408.55
2616,SQ20332,E. coli,2017-04-13 09:30:00,727.0,691.031
2633,SQ20332,E. coli,2018-10-12 09:45:00,727.0,691.031
2690,SQ20350,E. coli,2013-10-15 11:25:00,2420.0,1433.251
2741,SQ20350,E. coli,2018-02-22 11:22:00,1553.0,1433.251
2767,SQ20401,E. coli,2005-02-16 09:35:00,9800.0,5652.7919999999995
2862,SQ20450,E. coli,2016-11-16 07:29:00,2420.0,1648.211
2876,SQ20450,E. coli,2018-02-22 11:40:00,1986.0,1648.211
2962,SQ20509,E. coli,2005-05-10 11:10:00,3300.0,2750.612
3103,SQ20541,E. coli,2012-11-01 08:45:00,2400.0,2333.677
3129,SQ20541,E. coli,2019-11-12 10:37:00,2420.0,2333.677
3167,SQ20544,E. coli,2013-11-27 08:30:00,2420.0,2353.73
3268,SQ20545,E. coli,2014-11-05 10:31:00,2420.0,2129.136
3281,SQ20545,E. coli,2016-01-08 10:14:00,2420.0,2129.136
3296,SQ20545,E. coli,2017-04-12 14:04:00,2420.0,2129.136
3373,SQ20575,E. coli,2013-05-20 09:35:00,1553.0,952.174
3418,SQ20575,E. coli,2017-02-03 08:42:00,1300.0,952.174
3431,SQ20575,E. coli,2018-03-08 08:33:00,980.0,952.174
3476,SQ20577,E. coli,2010-01-11 12:14:00,1000.0,901.26
3569,SQ20601,E. coli,2012-02-08 10:10:00,2400.0,1336.44
3648,SQ20601,E. coli,2018-11-27 10:11:00,1553.0,1336.44
3693,SQ20606,E. coli,2015-12-17 12:07:00,1733.0,1462.083
3707,SQ20606,E. coli,2017-03-22 12:00:00,1553.0,1462.083
3807,SQ20725,E. coli,2016-01-14 10:16:00,1300.0,1290.167
3838,SQ20725,E. coli,2018-10-12 10:13:00,1733.0,1290.167
3933,SQ20785,E. coli,2018-02-22 08:11:00,435.0,292.305
3942,SQ20785,E. coli,2018-11-13 07:38:00,345.0,292.305
4176,SQ21047,E. coli,2005-04-12 10:10:00,2400.0,2284.553
4453,SQ21160,E. coli,2011-03-08 00:00:00,3600.0,3132.346
4611,SQ21254,E. coli,2009-12-17 00:00:00,4611.0,3039.643
4622,SQ21254,E. coli,2010-11-18 00:00:00,4884.0,3039.643
4938,SQ21292,E. coli,2005-02-07 09:25:00,980.0,978.591
4954,SQ21292,E. coli,2008-04-08 10:34:00,1100.0,978.591
4974,SQ21292,E. coli,2013-05-20 09:32:00,1046.0,978.591
5028,SQ21292,E. coli,2017-11-08 10:35:00,980.0,978.591
5044,SQ21292,E. coli,2019-03-08 10:00:00,1046.0,978.591
5060,SQ21296,E. coli,2004-12-06 10:00:00,2400.0,1987.613
5131,SQ21298,E. coli,2004-12-06 09:00:00,2400.0,2033.5710000000001
5246,SQ21299,E. coli,2005-04-11 09:55:00,2000.0,1843.306
5292,SQ21299,E. coli,2017-07-04 13:00:00,2420.0,1843.306
5442,SQ22030,E. coli,2016-08-03 14:10:00,2420.0,2301.482
5725,SQ26368,E. coli,2017-02-21 09:28:00,1986.0,940.252
5788,SQ26369,E. coli,2014-01-20 10:40:00,649.0,514.614
5837,SQ26369,E. coli,2018-03-20 11:06:00,613.0,514.614
5849,SQ26369,E. coli,2019-03-14 11:42:00,517.0,514.614
5902,SQ26633,E. coli,2012-08-15 12:16:00,610.0,521.984
5913,SQ26633,E. coli,2014-01-09 09:50:00,687.0,521.984
5923,SQ26633,E. coli,2014-11-05 10:30:00,727.0,521.984
6001,SQ26931,E. coli,2015-04-07 09:40:00,770.0,558.5849999999999
6083,SQ26932,E. coli,2016-01-07 10:06:00,613.0,431.93600000000004
6107,SQ26932,E. coli,2018-01-10 09:40:00,613.0,431.93600000000004
6129,SQ30011,E. coli,2005-07-18 12:20:00,2400.0,1749.235
6256,SQ30162,E. coli,2008-08-27 13:55:00,1600.0,1106.739
6336,SQ30162,E. coli,2018-06-14 10:43:00,1986.0,1106.739
6381,SQ30175,E. coli,2010-08-17 11:05:00,730.0,690.855
6394,SQ30175,E. coli,2013-06-04 11:30:00,866.0,690.855
6445,SQ30175,E. coli,2017-10-12 08:39:00,816.0,690.855
6505,SQ30184,E. coli,2013-06-04 10:50:00,866.0,754.836
6560,SQ30184,E. coli,2018-04-13 13:45:00,1046.0,754.836
6579,SQ30184,E. coli,2019-11-11 12:00:00,1046.0,754.836
6696,SQ30222,E. coli,2004-07-29 10:25:00,5800.0,3600.75
6801,SQ30332,E. coli,2012-11-26 11:05:00,2420.0,1665.191
6803,SQ30332,E. coli,2012-12-19 11:40:00,1733.0,1665.191
7071,SQ30400,E. coli,2007-11-28 12:45:00,2000.0,1855.558
7072,SQ30400,E. coli,2007-12-18 08:41:00,2400.0,1855.558
7239,SQ30445,E. coli,2005-07-26 11:19:00,2400.0,1906.298
7338,SQ30445,E. coli,2018-01-12 07:51:00,1986.0,1906.298
7406,SQ30707,E. coli,2014-12-01 09:33:00,1986.0,1741.086
7434,SQ30707,E. coli,2017-04-03 10:00:00,1986.0,1741.086
7629,SQ30878,E. coli,2008-12-10 13:30:00,2400.0,1733.678
7653,SQ30878,E. coli,2010-12-02 10:45:00,2400.0,1733.678
7800,SQ30916,E. coli,2013-10-15 10:46:00,2420.0,1450.161
7878,SQ30928,E. coli,2006-02-09 09:35:00,17000.0,6607.162
8114,SQ30953,E. coli,2010-06-09 14:30:00,820.0,474.022
8239,SQ30954,E. coli,2017-07-25 10:57:00,5170.0,2729.813
8264,SQ30955,E. coli,2009-03-02 12:20:00,1600.0,1429.06
8342,SQ30955,E. coli,2018-02-23 10:35:00,2190.0,1429.06
8347,SQ30955,E. coli,2018-11-22 09:40:00,1733.0,1429.06
8403,SQ30956,E. coli,2011-11-09 10:00:00,1000.0,493.875
8625,SQ30992,E. coli,2008-06-05 10:30:00,2000.0,1818.434
8820,SQ31018,E. coli,2015-04-16 08:22:00,1733.0,1638.367
8838,SQ31018,E. coli,2016-11-15 13:13:00,2420.0,1638.367
8839,SQ31018,E. coli,2016-12-08 12:05:00,1986.0,1638.367
8894,SQ31020,E. coli,2008-11-24 11:10:00,980.0,558.4480000000001
8943,SQ31020,E. coli,2016-02-18 09:15:00,579.0,558.4480000000001
8950,SQ31020,E. coli,2016-11-15 12:13:00,687.0,558.4480000000001
9015,SQ32640,E. coli,2016-02-16 12:02:00,3870.0,2665.192
9072,SQ32732,E. coli,2009-04-03 07:55:00,20000.0,10088.67
9308,SQ32943,E. coli,2006-11-06 08:50:00,2400.0,1764.4470000000001
9505,SQ33056,E. coli,2010-08-18 11:05:00,2400.0,2345.8109999999997
9588,SQ33056,E. coli,2018-01-10 10:49:00,2420.0,2345.8109999999997
9665,SQ33147,E. coli,2011-10-19 10:45:00,820.0,794.005
9723,SQ33147,E. coli,2017-04-10 14:10:00,1986.0,794.005
9840,SQ33148,E. coli,2018-10-30 08:14:00,2420.0,1581.671
9851,SQ33148,E. coli,2019-12-18 07:27:00,2420.0,1581.671
9866,SQ33270,E. coli,2006-07-20 10:35:00,2100.0,1074.462
9959,SQ33270,E. coli,2018-11-26 09:22:00,1414.0,1074.462
9985,SQ33273,E. coli,2006-07-20 11:05:00,7700.0,4185.393
10098,SQ33274,E. coli,2006-07-20 12:00:00,4400.0,3261.587
10164,SQ33476,E. coli,2006-07-20 10:50:00,7700.0,4684.913
10282,SQ33593,E. coli,2015-03-10 14:41:00,14140.0,6481.397
10339,SQ33899,E. coli,2008-10-22 10:50:00,490.0,446.72900000000004
10427,SQ33899,E. coli,2019-12-19 07:46:00,816.0,446.72900000000004
10480,SQ33962,E. coli,2014-07-01 11:50:00,1203.0,1004.746
10512,SQ33962,E. coli,2017-03-08 10:58:00,1414.0,1004.746
10557,SQ34191,E. coli,2007-01-18 10:35:00,2400.0,2354.335
10619,SQ34412,E. coli,2006-07-20 12:50:00,4400.0,3213.4089999999997
10677,SQ34417,E. coli,2005-10-27 10:00:00,1700.0,1535.3
10714,SQ34417,E. coli,2009-03-19 09:30:00,1700.0,1535.3
10822,SQ34417,E. coli,2018-04-11 13:28:00,2420.0,1535.3
10858,SQ34418,E. coli,2007-01-25 09:20:00,2400.0,2117.844
10891,SQ34418,E. coli,2010-02-18 09:40:00,2400.0,2117.844
10953,SQ34420,E. coli,2015-07-15 11:42:00,1120.0,1064.524
10971,SQ34538,E. coli,2004-12-16 09:55:00,1100.0,949.662
11005,SQ34538,E. coli,2013-04-22 09:56:00,1203.0,949.662
11084,SQ34540,E. coli,2004-12-16 10:30:00,2000.0,1753.63
11213,SQ34548,E. coli,2010-06-10 11:00:00,2400.0,1843.2740000000001
11304,SQ34548,E. coli,2018-02-22 08:34:00,1986.0,1843.2740000000001
11313,SQ34548,E. coli,2018-11-21 09:55:00,1986.0,1843.2740000000001
11315,SQ34548,E. coli,2019-01-24 08:14:00,1986.0,1843.2740000000001
11341,SQ34557,E. coli,2006-07-20 11:45:00,5800.0,3382.503
11517,SQ34580,E. coli,2006-02-09 09:15:00,6100.0,2649.844
11634,SQ34626,E. coli,2010-12-14 08:09:00,5500.0,5026.133
11717,SQ34646,E. coli,2005-07-20 10:30:00,16000.0,6156.6320000000005
11853,SQ34704,E. coli,2011-10-06 10:10:00,330.0,317.354
11866,SQ34704,E. coli,2013-11-26 10:40:00,326.0,317.354
11871,SQ34704,E. coli,2014-04-29 11:49:00,488.0,317.354
12006,SQ34706,E. coli,2005-07-18 12:40:00,2400.0,1407.033
12023,SQ34706,E. coli,2009-10-19 12:45:00,1600.0,1407.033
12121,SQ34711,E. coli,2006-07-20 09:45:00,5200.0,2620.24
12241,SQ34865,E. coli,2006-09-28 08:50:00,2400.0,1344.971
12445,SQ34866,E. coli,2009-09-24 10:35:00,2400.0,2282.66
12447,SQ34866,E. coli,2009-12-15 09:45:00,2400.0,2282.66
12457,SQ34866,E. coli,2010-12-16 09:50:00,2400.0,2282.66
12638,SQ34869,E. coli,2017-09-26 10:26:00,5790.0,2430.1189999999997
12742,SQ34884,E. coli,2019-01-10 11:38:00,2420.0,1899.301
12940,SQ34980,E. coli,2017-04-10 14:44:00,1733.0,976.585
13002,SQ35080,E. coli,2015-01-21 13:00:00,2420.0,2248.66
13066,SQ35119,E. coli,2015-04-13 12:37:00,326.0,285.46
13099,SQ35119,E. coli,2018-02-22 12:30:00,387.0,285.46
13138,SQ35156,E. coli,2009-12-02 09:58:00,17000.0,7597.612
13367,SQ35172,E. coli,2018-10-30 09:10:00,2420.0,1069.686
13407,SQ35173,E. coli,2013-11-27 11:00:00,2420.0,2268.728
13553,SQ35174,E. coli,2018-10-30 15:41:00,980.0,890.188
13565,SQ35174,E. coli,2019-10-24 15:40:00,1553.0,890.188
13628,SQ35234,E. coli,2009-12-02 10:22:00,9200.0,6182.837
13718,SQ35236,E. coli,2010-01-05 09:44:00,4600.0,3208.359
13764,SQ35545,E. coli,2010-01-05 10:27:00,4900.0,4860.5019999999995
13842,SQ35792,E. coli,2016-02-19 08:01:00,1300.0,952.0450000000001
13932,SQ35798,E. coli,2015-04-29 11:52:00,1986.0,1734.732
14049,SQ35800,E. coli,2018-11-26 13:07:00,1553.0,1318.8890000000001
14061,SQ35800,E. coli,2019-12-18 13:55:00,1986.0,1318.8890000000001
14146,SQ35871,E. coli,2018-02-20 11:24:00,1986.0,1393.239
14216,SQ35872,E. coli,2017-04-12 10:09:00,1553.0,926.77
14305,SQ35873,E. coli,2018-02-22 12:14:00,601.0,576.146
14373,SQ35874,E. coli,2017-01-19 09:19:00,2420.0,1357.5890000000002
14384,SQ35874,E. coli,2018-01-24 08:48:00,1414.0,1357.5890000000002
14450,SQ35875,E. coli,2017-01-19 10:14:00,1046.0,960.512
14462,SQ35875,E. coli,2018-02-22 11:37:00,1414.0,960.512
14514,SQ35876,E. coli,2015-10-22 08:00:00,461.0,379.806
14600,SQ35962,E. coli,2018-04-30 15:40:00,50.0,47.051
